--
-- PostgreSQL database dump
--

-- Dumped from database version 16.0
-- Dumped by pg_dump version 16.0

-- Started on 2023-10-02 21:25:31

SET statement_timeout = 0;
SET lock_timeout = 0;
SET idle_in_transaction_session_timeout = 0;
SET client_encoding = 'UTF8';
SET standard_conforming_strings = on;
SELECT pg_catalog.set_config('search_path', '', false);
SET check_function_bodies = false;
SET xmloption = content;
SET client_min_messages = warning;
SET row_security = off;

SET default_tablespace = '';

SET default_table_access_method = heap;

--
-- TOC entry 222 (class 1259 OID 16580)
-- Name: auth_group; Type: TABLE; Schema: public; Owner: postgres
--

CREATE TABLE public.auth_group (
    id integer NOT NULL,
    name character varying(150) NOT NULL
);


ALTER TABLE public.auth_group OWNER TO postgres;

--
-- TOC entry 221 (class 1259 OID 16579)
-- Name: auth_group_id_seq; Type: SEQUENCE; Schema: public; Owner: postgres
--

ALTER TABLE public.auth_group ALTER COLUMN id ADD GENERATED BY DEFAULT AS IDENTITY (
    SEQUENCE NAME public.auth_group_id_seq
    START WITH 1
    INCREMENT BY 1
    NO MINVALUE
    NO MAXVALUE
    CACHE 1
);


--
-- TOC entry 224 (class 1259 OID 16588)
-- Name: auth_group_permissions; Type: TABLE; Schema: public; Owner: postgres
--

CREATE TABLE public.auth_group_permissions (
    id bigint NOT NULL,
    group_id integer NOT NULL,
    permission_id integer NOT NULL
);


ALTER TABLE public.auth_group_permissions OWNER TO postgres;

--
-- TOC entry 223 (class 1259 OID 16587)
-- Name: auth_group_permissions_id_seq; Type: SEQUENCE; Schema: public; Owner: postgres
--

ALTER TABLE public.auth_group_permissions ALTER COLUMN id ADD GENERATED BY DEFAULT AS IDENTITY (
    SEQUENCE NAME public.auth_group_permissions_id_seq
    START WITH 1
    INCREMENT BY 1
    NO MINVALUE
    NO MAXVALUE
    CACHE 1
);


--
-- TOC entry 220 (class 1259 OID 16574)
-- Name: auth_permission; Type: TABLE; Schema: public; Owner: postgres
--

CREATE TABLE public.auth_permission (
    id integer NOT NULL,
    name character varying(255) NOT NULL,
    content_type_id integer NOT NULL,
    codename character varying(100) NOT NULL
);


ALTER TABLE public.auth_permission OWNER TO postgres;

--
-- TOC entry 219 (class 1259 OID 16573)
-- Name: auth_permission_id_seq; Type: SEQUENCE; Schema: public; Owner: postgres
--

ALTER TABLE public.auth_permission ALTER COLUMN id ADD GENERATED BY DEFAULT AS IDENTITY (
    SEQUENCE NAME public.auth_permission_id_seq
    START WITH 1
    INCREMENT BY 1
    NO MINVALUE
    NO MAXVALUE
    CACHE 1
);


--
-- TOC entry 226 (class 1259 OID 16594)
-- Name: auth_user; Type: TABLE; Schema: public; Owner: postgres
--

CREATE TABLE public.auth_user (
    id integer NOT NULL,
    password character varying(128) NOT NULL,
    last_login timestamp with time zone,
    is_superuser boolean NOT NULL,
    username character varying(150) NOT NULL,
    first_name character varying(150) NOT NULL,
    last_name character varying(150) NOT NULL,
    email character varying(254) NOT NULL,
    is_staff boolean NOT NULL,
    is_active boolean NOT NULL,
    date_joined timestamp with time zone NOT NULL
);


ALTER TABLE public.auth_user OWNER TO postgres;

--
-- TOC entry 228 (class 1259 OID 16602)
-- Name: auth_user_groups; Type: TABLE; Schema: public; Owner: postgres
--

CREATE TABLE public.auth_user_groups (
    id bigint NOT NULL,
    user_id integer NOT NULL,
    group_id integer NOT NULL
);


ALTER TABLE public.auth_user_groups OWNER TO postgres;

--
-- TOC entry 227 (class 1259 OID 16601)
-- Name: auth_user_groups_id_seq; Type: SEQUENCE; Schema: public; Owner: postgres
--

ALTER TABLE public.auth_user_groups ALTER COLUMN id ADD GENERATED BY DEFAULT AS IDENTITY (
    SEQUENCE NAME public.auth_user_groups_id_seq
    START WITH 1
    INCREMENT BY 1
    NO MINVALUE
    NO MAXVALUE
    CACHE 1
);


--
-- TOC entry 225 (class 1259 OID 16593)
-- Name: auth_user_id_seq; Type: SEQUENCE; Schema: public; Owner: postgres
--

ALTER TABLE public.auth_user ALTER COLUMN id ADD GENERATED BY DEFAULT AS IDENTITY (
    SEQUENCE NAME public.auth_user_id_seq
    START WITH 1
    INCREMENT BY 1
    NO MINVALUE
    NO MAXVALUE
    CACHE 1
);


--
-- TOC entry 230 (class 1259 OID 16608)
-- Name: auth_user_user_permissions; Type: TABLE; Schema: public; Owner: postgres
--

CREATE TABLE public.auth_user_user_permissions (
    id bigint NOT NULL,
    user_id integer NOT NULL,
    permission_id integer NOT NULL
);


ALTER TABLE public.auth_user_user_permissions OWNER TO postgres;

--
-- TOC entry 229 (class 1259 OID 16607)
-- Name: auth_user_user_permissions_id_seq; Type: SEQUENCE; Schema: public; Owner: postgres
--

ALTER TABLE public.auth_user_user_permissions ALTER COLUMN id ADD GENERATED BY DEFAULT AS IDENTITY (
    SEQUENCE NAME public.auth_user_user_permissions_id_seq
    START WITH 1
    INCREMENT BY 1
    NO MINVALUE
    NO MAXVALUE
    CACHE 1
);


--
-- TOC entry 232 (class 1259 OID 16666)
-- Name: django_admin_log; Type: TABLE; Schema: public; Owner: postgres
--

CREATE TABLE public.django_admin_log (
    id integer NOT NULL,
    action_time timestamp with time zone NOT NULL,
    object_id text,
    object_repr character varying(200) NOT NULL,
    action_flag smallint NOT NULL,
    change_message text NOT NULL,
    content_type_id integer,
    user_id integer NOT NULL,
    CONSTRAINT django_admin_log_action_flag_check CHECK ((action_flag >= 0))
);


ALTER TABLE public.django_admin_log OWNER TO postgres;

--
-- TOC entry 231 (class 1259 OID 16665)
-- Name: django_admin_log_id_seq; Type: SEQUENCE; Schema: public; Owner: postgres
--

ALTER TABLE public.django_admin_log ALTER COLUMN id ADD GENERATED BY DEFAULT AS IDENTITY (
    SEQUENCE NAME public.django_admin_log_id_seq
    START WITH 1
    INCREMENT BY 1
    NO MINVALUE
    NO MAXVALUE
    CACHE 1
);


--
-- TOC entry 218 (class 1259 OID 16566)
-- Name: django_content_type; Type: TABLE; Schema: public; Owner: postgres
--

CREATE TABLE public.django_content_type (
    id integer NOT NULL,
    app_label character varying(100) NOT NULL,
    model character varying(100) NOT NULL
);


ALTER TABLE public.django_content_type OWNER TO postgres;

--
-- TOC entry 217 (class 1259 OID 16565)
-- Name: django_content_type_id_seq; Type: SEQUENCE; Schema: public; Owner: postgres
--

ALTER TABLE public.django_content_type ALTER COLUMN id ADD GENERATED BY DEFAULT AS IDENTITY (
    SEQUENCE NAME public.django_content_type_id_seq
    START WITH 1
    INCREMENT BY 1
    NO MINVALUE
    NO MAXVALUE
    CACHE 1
);


--
-- TOC entry 216 (class 1259 OID 16558)
-- Name: django_migrations; Type: TABLE; Schema: public; Owner: postgres
--

CREATE TABLE public.django_migrations (
    id bigint NOT NULL,
    app character varying(255) NOT NULL,
    name character varying(255) NOT NULL,
    applied timestamp with time zone NOT NULL
);


ALTER TABLE public.django_migrations OWNER TO postgres;

--
-- TOC entry 215 (class 1259 OID 16557)
-- Name: django_migrations_id_seq; Type: SEQUENCE; Schema: public; Owner: postgres
--

ALTER TABLE public.django_migrations ALTER COLUMN id ADD GENERATED BY DEFAULT AS IDENTITY (
    SEQUENCE NAME public.django_migrations_id_seq
    START WITH 1
    INCREMENT BY 1
    NO MINVALUE
    NO MAXVALUE
    CACHE 1
);


--
-- TOC entry 234 (class 1259 OID 16699)
-- Name: django_session; Type: TABLE; Schema: public; Owner: postgres
--

CREATE TABLE public.django_session (
    session_key character varying(40) NOT NULL,
    session_data text NOT NULL,
    expire_date timestamp with time zone NOT NULL
);


ALTER TABLE public.django_session OWNER TO postgres;

--
-- TOC entry 233 (class 1259 OID 16694)
-- Name: pokemon_app_pokemon; Type: TABLE; Schema: public; Owner: postgres
--

CREATE TABLE public.pokemon_app_pokemon (
    id integer NOT NULL,
    nombre character varying(50) NOT NULL,
    imagen character varying(100)
);


ALTER TABLE public.pokemon_app_pokemon OWNER TO postgres;

--
-- TOC entry 235 (class 1259 OID 16708)
-- Name: pokemon_app_region; Type: TABLE; Schema: public; Owner: postgres
--

CREATE TABLE public.pokemon_app_region (
    "idReg" integer NOT NULL,
    nombre_region character varying(50) NOT NULL
);


ALTER TABLE public.pokemon_app_region OWNER TO postgres;

--
-- TOC entry 238 (class 1259 OID 16723)
-- Name: pokemon_app_regionpokemon; Type: TABLE; Schema: public; Owner: postgres
--

CREATE TABLE public.pokemon_app_regionpokemon (
    "idRegTipo" integer NOT NULL,
    nombre_id integer NOT NULL,
    nombre_region_id integer NOT NULL
);


ALTER TABLE public.pokemon_app_regionpokemon OWNER TO postgres;

--
-- TOC entry 236 (class 1259 OID 16713)
-- Name: pokemon_app_tipo; Type: TABLE; Schema: public; Owner: postgres
--

CREATE TABLE public.pokemon_app_tipo (
    "idTip" integer NOT NULL,
    nombre_tipo character varying(50) NOT NULL
);


ALTER TABLE public.pokemon_app_tipo OWNER TO postgres;

--
-- TOC entry 237 (class 1259 OID 16718)
-- Name: pokemon_app_tipopokemon; Type: TABLE; Schema: public; Owner: postgres
--

CREATE TABLE public.pokemon_app_tipopokemon (
    "idTipPokemon" integer NOT NULL,
    nombre_id integer NOT NULL,
    nombre_tipo_id integer NOT NULL
);


ALTER TABLE public.pokemon_app_tipopokemon OWNER TO postgres;

--
-- TOC entry 4923 (class 0 OID 16580)
-- Dependencies: 222
-- Data for Name: auth_group; Type: TABLE DATA; Schema: public; Owner: postgres
--

COPY public.auth_group (id, name) FROM stdin;
\.


--
-- TOC entry 4925 (class 0 OID 16588)
-- Dependencies: 224
-- Data for Name: auth_group_permissions; Type: TABLE DATA; Schema: public; Owner: postgres
--

COPY public.auth_group_permissions (id, group_id, permission_id) FROM stdin;
\.


--
-- TOC entry 4921 (class 0 OID 16574)
-- Dependencies: 220
-- Data for Name: auth_permission; Type: TABLE DATA; Schema: public; Owner: postgres
--

COPY public.auth_permission (id, name, content_type_id, codename) FROM stdin;
1	Can add pokemon	1	add_pokemon
2	Can change pokemon	1	change_pokemon
3	Can delete pokemon	1	delete_pokemon
4	Can view pokemon	1	view_pokemon
5	Can add log entry	2	add_logentry
6	Can change log entry	2	change_logentry
7	Can delete log entry	2	delete_logentry
8	Can view log entry	2	view_logentry
9	Can add permission	3	add_permission
10	Can change permission	3	change_permission
11	Can delete permission	3	delete_permission
12	Can view permission	3	view_permission
13	Can add group	4	add_group
14	Can change group	4	change_group
15	Can delete group	4	delete_group
16	Can view group	4	view_group
17	Can add user	5	add_user
18	Can change user	5	change_user
19	Can delete user	5	delete_user
20	Can view user	5	view_user
21	Can add content type	6	add_contenttype
22	Can change content type	6	change_contenttype
23	Can delete content type	6	delete_contenttype
24	Can view content type	6	view_contenttype
25	Can add session	7	add_session
26	Can change session	7	change_session
27	Can delete session	7	delete_session
28	Can view session	7	view_session
29	Can add region	8	add_region
30	Can change region	8	change_region
31	Can delete region	8	delete_region
32	Can view region	8	view_region
33	Can add tipo	9	add_tipo
34	Can change tipo	9	change_tipo
35	Can delete tipo	9	delete_tipo
36	Can view tipo	9	view_tipo
37	Can add tipo pokemon	10	add_tipopokemon
38	Can change tipo pokemon	10	change_tipopokemon
39	Can delete tipo pokemon	10	delete_tipopokemon
40	Can view tipo pokemon	10	view_tipopokemon
41	Can add region pokemon	11	add_regionpokemon
42	Can change region pokemon	11	change_regionpokemon
43	Can delete region pokemon	11	delete_regionpokemon
44	Can view region pokemon	11	view_regionpokemon
\.


--
-- TOC entry 4927 (class 0 OID 16594)
-- Dependencies: 226
-- Data for Name: auth_user; Type: TABLE DATA; Schema: public; Owner: postgres
--

COPY public.auth_user (id, password, last_login, is_superuser, username, first_name, last_name, email, is_staff, is_active, date_joined) FROM stdin;
1	pbkdf2_sha256$600000$Nw8AC7DI3a7pLh4HhUQpBK$pkBE6Srvba4UZyhOsolpr9Derdpwx8jGbZB9p/EbyTQ=	2023-09-30 10:25:44.213469-03	t	admin			pokemon@gmail.com	t	t	2023-09-30 10:24:47.618884-03
\.


--
-- TOC entry 4929 (class 0 OID 16602)
-- Dependencies: 228
-- Data for Name: auth_user_groups; Type: TABLE DATA; Schema: public; Owner: postgres
--

COPY public.auth_user_groups (id, user_id, group_id) FROM stdin;
\.


--
-- TOC entry 4931 (class 0 OID 16608)
-- Dependencies: 230
-- Data for Name: auth_user_user_permissions; Type: TABLE DATA; Schema: public; Owner: postgres
--

COPY public.auth_user_user_permissions (id, user_id, permission_id) FROM stdin;
\.


--
-- TOC entry 4933 (class 0 OID 16666)
-- Dependencies: 232
-- Data for Name: django_admin_log; Type: TABLE DATA; Schema: public; Owner: postgres
--

COPY public.django_admin_log (id, action_time, object_id, object_repr, action_flag, change_message, content_type_id, user_id) FROM stdin;
1	2023-09-30 10:29:26.486068-03	1	Pokemon object (1)	1	[{"added": {}}]	1	1
2	2023-09-30 11:45:41.094252-03	1	Pokemon object (1)	3		1	1
3	2023-09-30 11:46:05.636955-03	1	Pokemon object (1)	1	[{"added": {}}]	1	1
4	2023-09-30 11:48:45.544597-03	2	Pokemon object (2)	1	[{"added": {}}]	1	1
5	2023-09-30 13:39:51.463527-03	3	Pokemon object (3)	1	[{"added": {}}]	1	1
6	2023-09-30 13:58:33.883222-03	2	Pokemon object (2)	2	[{"changed": {"fields": ["Imagen"]}}]	1	1
7	2023-09-30 14:07:30.774825-03	5	Pokemon object (5)	1	[{"added": {}}]	1	1
8	2023-09-30 14:07:46.727994-03	5	Pokemon object (5)	2	[{"changed": {"fields": ["Imagen"]}}]	1	1
9	2023-09-30 17:28:46.966382-03	5	Pokemon object (5)	3		1	1
10	2023-09-30 21:56:15.911066-03	16	Pokemon object (16)	3		1	1
11	2023-09-30 21:56:15.916994-03	10	Pokemon object (10)	3		1	1
12	2023-09-30 21:56:15.917618-03	5	Pokemon object (5)	3		1	1
13	2023-09-30 21:56:15.917618-03	4	Pokemon object (4)	3		1	1
14	2023-09-30 21:56:15.918625-03	3	Pokemon object (3)	3		1	1
15	2023-09-30 21:56:15.918625-03	2	Pokemon object (2)	3		1	1
16	2023-09-30 21:56:15.919616-03	1	Pokemon object (1)	3		1	1
17	2023-10-01 03:58:50.431714-03	1	Region object (1)	1	[{"added": {}}]	8	1
18	2023-10-01 03:59:10.598725-03	2	Region object (2)	1	[{"added": {}}]	8	1
19	2023-10-01 03:59:36.38216-03	1	Tipo object (1)	1	[{"added": {}}]	9	1
20	2023-10-01 03:59:51.259792-03	2	Tipo object (2)	1	[{"added": {}}]	9	1
21	2023-10-01 18:27:18.830997-03	33	pi	3		1	1
22	2023-10-01 18:27:18.835716-03	14	Venusaur	3		1	1
23	2023-10-01 18:27:18.835716-03	2	Pikachu	3		1	1
24	2023-10-01 18:27:18.836713-03	1	Pikachu	3		1	1
25	2023-10-01 18:29:25.893296-03	34	Venusaur	1	[{"added": {}}]	1	1
26	2023-10-01 18:33:55.737358-03	3333	Pikachu	1	[{"added": {}}]	1	1
27	2023-10-01 18:36:09.408687-03	11	Pikachu	1	[{"added": {}}]	1	1
28	2023-10-01 22:43:18.716456-03	667	mjjj	3		1	1
29	2023-10-01 22:43:18.718459-03	145	amarillo	3		1	1
30	2023-10-01 22:43:18.718459-03	11	Pikachu	3		1	1
31	2023-10-01 22:43:34.84814-03	1	Charmander	1	[{"added": {}}]	1	1
32	2023-10-01 23:17:08.363793-03	1	Pikachu	3		1	1
33	2023-10-01 23:17:17.15187-03	1	Pikachu	1	[{"added": {}}]	1	1
34	2023-10-01 23:28:35.840617-03	1	Pikachu	1	[{"added": {}}]	1	1
\.


--
-- TOC entry 4919 (class 0 OID 16566)
-- Dependencies: 218
-- Data for Name: django_content_type; Type: TABLE DATA; Schema: public; Owner: postgres
--

COPY public.django_content_type (id, app_label, model) FROM stdin;
1	pokemon_app	pokemon
2	admin	logentry
3	auth	permission
4	auth	group
5	auth	user
6	contenttypes	contenttype
7	sessions	session
8	pokemon_app	region
9	pokemon_app	tipo
10	pokemon_app	tipopokemon
11	pokemon_app	regionpokemon
\.


--
-- TOC entry 4917 (class 0 OID 16558)
-- Dependencies: 216
-- Data for Name: django_migrations; Type: TABLE DATA; Schema: public; Owner: postgres
--

COPY public.django_migrations (id, app, name, applied) FROM stdin;
1	contenttypes	0001_initial	2023-09-30 09:25:42.560681-03
2	auth	0001_initial	2023-09-30 09:25:42.61972-03
3	admin	0001_initial	2023-09-30 09:25:42.636017-03
4	admin	0002_logentry_remove_auto_add	2023-09-30 09:25:42.642-03
5	admin	0003_logentry_add_action_flag_choices	2023-09-30 09:25:42.648981-03
6	contenttypes	0002_remove_content_type_name	2023-09-30 09:25:42.660949-03
7	auth	0002_alter_permission_name_max_length	2023-09-30 09:25:42.666934-03
8	auth	0003_alter_user_email_max_length	2023-09-30 09:25:42.672917-03
9	auth	0004_alter_user_username_opts	2023-09-30 09:25:42.678903-03
10	auth	0005_alter_user_last_login_null	2023-09-30 09:25:42.684885-03
11	auth	0006_require_contenttypes_0002	2023-09-30 09:25:42.68688-03
12	auth	0007_alter_validators_add_error_messages	2023-09-30 09:25:42.691866-03
13	auth	0008_alter_user_username_max_length	2023-09-30 09:25:42.704833-03
14	auth	0009_alter_user_last_name_max_length	2023-09-30 09:25:42.711574-03
15	auth	0010_alter_group_name_max_length	2023-09-30 09:25:42.719553-03
16	auth	0011_update_proxy_permissions	2023-09-30 09:25:42.725537-03
17	auth	0012_alter_user_first_name_max_length	2023-09-30 09:25:42.731632-03
18	pokemon_app	0001_initial	2023-09-30 09:25:42.736553-03
19	sessions	0001_initial	2023-09-30 09:25:42.745529-03
20	pokemon_app	0002_region_tipo	2023-09-30 23:04:48.106093-03
21	pokemon_app	0003_tipopokemon_regionpokemon	2023-09-30 23:16:12.359034-03
\.


--
-- TOC entry 4935 (class 0 OID 16699)
-- Dependencies: 234
-- Data for Name: django_session; Type: TABLE DATA; Schema: public; Owner: postgres
--

COPY public.django_session (session_key, session_data, expire_date) FROM stdin;
wac3n1qfbznpaznrqh0bdg7nftntpfdx	.eJxVjDsOwjAQBe_iGlnxb5VQ0nMGa9e7xgFkS3FSIe4OkVJA-2bmvVTEbS1x67LEmdVZGXX63QjTQ-oO-I711nRqdV1m0ruiD9r1tbE8L4f7d1Cwl28dKE15BMcoYTTOogmUGZgHZqEgYbCQwHifhLwLCRCELEzC2RrMTr0_BgY45w:1qmZya:TC4x0wmHXtfUEj453u3kcZu0JYOsMsr4kKUYCzAzLCg	2023-10-14 10:25:44.214503-03
\.


--
-- TOC entry 4934 (class 0 OID 16694)
-- Dependencies: 233
-- Data for Name: pokemon_app_pokemon; Type: TABLE DATA; Schema: public; Owner: postgres
--

COPY public.pokemon_app_pokemon (id, nombre, imagen) FROM stdin;
1	Pikachu	img/Pokemon-Aesthetic-Transparent-PNG.png
2	Squirtle 	img/007.png
3	Butterfree 	img/012.png
5	Blastoise	img/009.png
6	Metapod	img/011.png
7	Weedle	img/013.png
8	Charmander	img/004.png
9	Kakuna	img/014.png
10	Beedrill	img/015.png
11	Pidgey	img/016.png
12	Pidgeotto	img/017.png
13	Pidgeot	img/018.png
14	Rattata	img/019.png
15	Raticate 	img/020.png
16	Spearow	img/021.png
17	Fearow 	img/022.png
18	Ekans	img/023.png
19	Raichu	img/026.png
20	Sandshrew 	img/027.png
4	Caterpie	img/010.png
\.


--
-- TOC entry 4936 (class 0 OID 16708)
-- Dependencies: 235
-- Data for Name: pokemon_app_region; Type: TABLE DATA; Schema: public; Owner: postgres
--

COPY public.pokemon_app_region ("idReg", nombre_region) FROM stdin;
1	Kanto
2	Paldea
\.


--
-- TOC entry 4939 (class 0 OID 16723)
-- Dependencies: 238
-- Data for Name: pokemon_app_regionpokemon; Type: TABLE DATA; Schema: public; Owner: postgres
--

COPY public.pokemon_app_regionpokemon ("idRegTipo", nombre_id, nombre_region_id) FROM stdin;
\.


--
-- TOC entry 4937 (class 0 OID 16713)
-- Dependencies: 236
-- Data for Name: pokemon_app_tipo; Type: TABLE DATA; Schema: public; Owner: postgres
--

COPY public.pokemon_app_tipo ("idTip", nombre_tipo) FROM stdin;
1	Planta
2	Roca
\.


--
-- TOC entry 4938 (class 0 OID 16718)
-- Dependencies: 237
-- Data for Name: pokemon_app_tipopokemon; Type: TABLE DATA; Schema: public; Owner: postgres
--

COPY public.pokemon_app_tipopokemon ("idTipPokemon", nombre_id, nombre_tipo_id) FROM stdin;
\.


--
-- TOC entry 4945 (class 0 OID 0)
-- Dependencies: 221
-- Name: auth_group_id_seq; Type: SEQUENCE SET; Schema: public; Owner: postgres
--

SELECT pg_catalog.setval('public.auth_group_id_seq', 1, false);


--
-- TOC entry 4946 (class 0 OID 0)
-- Dependencies: 223
-- Name: auth_group_permissions_id_seq; Type: SEQUENCE SET; Schema: public; Owner: postgres
--

SELECT pg_catalog.setval('public.auth_group_permissions_id_seq', 1, false);


--
-- TOC entry 4947 (class 0 OID 0)
-- Dependencies: 219
-- Name: auth_permission_id_seq; Type: SEQUENCE SET; Schema: public; Owner: postgres
--

SELECT pg_catalog.setval('public.auth_permission_id_seq', 44, true);


--
-- TOC entry 4948 (class 0 OID 0)
-- Dependencies: 227
-- Name: auth_user_groups_id_seq; Type: SEQUENCE SET; Schema: public; Owner: postgres
--

SELECT pg_catalog.setval('public.auth_user_groups_id_seq', 1, false);


--
-- TOC entry 4949 (class 0 OID 0)
-- Dependencies: 225
-- Name: auth_user_id_seq; Type: SEQUENCE SET; Schema: public; Owner: postgres
--

SELECT pg_catalog.setval('public.auth_user_id_seq', 1, true);


--
-- TOC entry 4950 (class 0 OID 0)
-- Dependencies: 229
-- Name: auth_user_user_permissions_id_seq; Type: SEQUENCE SET; Schema: public; Owner: postgres
--

SELECT pg_catalog.setval('public.auth_user_user_permissions_id_seq', 1, false);


--
-- TOC entry 4951 (class 0 OID 0)
-- Dependencies: 231
-- Name: django_admin_log_id_seq; Type: SEQUENCE SET; Schema: public; Owner: postgres
--

SELECT pg_catalog.setval('public.django_admin_log_id_seq', 34, true);


--
-- TOC entry 4952 (class 0 OID 0)
-- Dependencies: 217
-- Name: django_content_type_id_seq; Type: SEQUENCE SET; Schema: public; Owner: postgres
--

SELECT pg_catalog.setval('public.django_content_type_id_seq', 11, true);


--
-- TOC entry 4953 (class 0 OID 0)
-- Dependencies: 215
-- Name: django_migrations_id_seq; Type: SEQUENCE SET; Schema: public; Owner: postgres
--

SELECT pg_catalog.setval('public.django_migrations_id_seq', 21, true);


--
-- TOC entry 4712 (class 2606 OID 16692)
-- Name: auth_group auth_group_name_key; Type: CONSTRAINT; Schema: public; Owner: postgres
--

ALTER TABLE ONLY public.auth_group
    ADD CONSTRAINT auth_group_name_key UNIQUE (name);


--
-- TOC entry 4717 (class 2606 OID 16623)
-- Name: auth_group_permissions auth_group_permissions_group_id_permission_id_0cd325b0_uniq; Type: CONSTRAINT; Schema: public; Owner: postgres
--

ALTER TABLE ONLY public.auth_group_permissions
    ADD CONSTRAINT auth_group_permissions_group_id_permission_id_0cd325b0_uniq UNIQUE (group_id, permission_id);


--
-- TOC entry 4720 (class 2606 OID 16592)
-- Name: auth_group_permissions auth_group_permissions_pkey; Type: CONSTRAINT; Schema: public; Owner: postgres
--

ALTER TABLE ONLY public.auth_group_permissions
    ADD CONSTRAINT auth_group_permissions_pkey PRIMARY KEY (id);


--
-- TOC entry 4714 (class 2606 OID 16584)
-- Name: auth_group auth_group_pkey; Type: CONSTRAINT; Schema: public; Owner: postgres
--

ALTER TABLE ONLY public.auth_group
    ADD CONSTRAINT auth_group_pkey PRIMARY KEY (id);


--
-- TOC entry 4707 (class 2606 OID 16614)
-- Name: auth_permission auth_permission_content_type_id_codename_01ab375a_uniq; Type: CONSTRAINT; Schema: public; Owner: postgres
--

ALTER TABLE ONLY public.auth_permission
    ADD CONSTRAINT auth_permission_content_type_id_codename_01ab375a_uniq UNIQUE (content_type_id, codename);


--
-- TOC entry 4709 (class 2606 OID 16578)
-- Name: auth_permission auth_permission_pkey; Type: CONSTRAINT; Schema: public; Owner: postgres
--

ALTER TABLE ONLY public.auth_permission
    ADD CONSTRAINT auth_permission_pkey PRIMARY KEY (id);


--
-- TOC entry 4728 (class 2606 OID 16606)
-- Name: auth_user_groups auth_user_groups_pkey; Type: CONSTRAINT; Schema: public; Owner: postgres
--

ALTER TABLE ONLY public.auth_user_groups
    ADD CONSTRAINT auth_user_groups_pkey PRIMARY KEY (id);


--
-- TOC entry 4731 (class 2606 OID 16638)
-- Name: auth_user_groups auth_user_groups_user_id_group_id_94350c0c_uniq; Type: CONSTRAINT; Schema: public; Owner: postgres
--

ALTER TABLE ONLY public.auth_user_groups
    ADD CONSTRAINT auth_user_groups_user_id_group_id_94350c0c_uniq UNIQUE (user_id, group_id);


--
-- TOC entry 4722 (class 2606 OID 16598)
-- Name: auth_user auth_user_pkey; Type: CONSTRAINT; Schema: public; Owner: postgres
--

ALTER TABLE ONLY public.auth_user
    ADD CONSTRAINT auth_user_pkey PRIMARY KEY (id);


--
-- TOC entry 4734 (class 2606 OID 16612)
-- Name: auth_user_user_permissions auth_user_user_permissions_pkey; Type: CONSTRAINT; Schema: public; Owner: postgres
--

ALTER TABLE ONLY public.auth_user_user_permissions
    ADD CONSTRAINT auth_user_user_permissions_pkey PRIMARY KEY (id);


--
-- TOC entry 4737 (class 2606 OID 16652)
-- Name: auth_user_user_permissions auth_user_user_permissions_user_id_permission_id_14a6b632_uniq; Type: CONSTRAINT; Schema: public; Owner: postgres
--

ALTER TABLE ONLY public.auth_user_user_permissions
    ADD CONSTRAINT auth_user_user_permissions_user_id_permission_id_14a6b632_uniq UNIQUE (user_id, permission_id);


--
-- TOC entry 4725 (class 2606 OID 16687)
-- Name: auth_user auth_user_username_key; Type: CONSTRAINT; Schema: public; Owner: postgres
--

ALTER TABLE ONLY public.auth_user
    ADD CONSTRAINT auth_user_username_key UNIQUE (username);


--
-- TOC entry 4740 (class 2606 OID 16673)
-- Name: django_admin_log django_admin_log_pkey; Type: CONSTRAINT; Schema: public; Owner: postgres
--

ALTER TABLE ONLY public.django_admin_log
    ADD CONSTRAINT django_admin_log_pkey PRIMARY KEY (id);


--
-- TOC entry 4702 (class 2606 OID 16572)
-- Name: django_content_type django_content_type_app_label_model_76bd3d3b_uniq; Type: CONSTRAINT; Schema: public; Owner: postgres
--

ALTER TABLE ONLY public.django_content_type
    ADD CONSTRAINT django_content_type_app_label_model_76bd3d3b_uniq UNIQUE (app_label, model);


--
-- TOC entry 4704 (class 2606 OID 16570)
-- Name: django_content_type django_content_type_pkey; Type: CONSTRAINT; Schema: public; Owner: postgres
--

ALTER TABLE ONLY public.django_content_type
    ADD CONSTRAINT django_content_type_pkey PRIMARY KEY (id);


--
-- TOC entry 4700 (class 2606 OID 16564)
-- Name: django_migrations django_migrations_pkey; Type: CONSTRAINT; Schema: public; Owner: postgres
--

ALTER TABLE ONLY public.django_migrations
    ADD CONSTRAINT django_migrations_pkey PRIMARY KEY (id);


--
-- TOC entry 4746 (class 2606 OID 16705)
-- Name: django_session django_session_pkey; Type: CONSTRAINT; Schema: public; Owner: postgres
--

ALTER TABLE ONLY public.django_session
    ADD CONSTRAINT django_session_pkey PRIMARY KEY (session_key);


--
-- TOC entry 4743 (class 2606 OID 16698)
-- Name: pokemon_app_pokemon pokemon_app_pokemon_pkey; Type: CONSTRAINT; Schema: public; Owner: postgres
--

ALTER TABLE ONLY public.pokemon_app_pokemon
    ADD CONSTRAINT pokemon_app_pokemon_pkey PRIMARY KEY (id);


--
-- TOC entry 4749 (class 2606 OID 16712)
-- Name: pokemon_app_region pokemon_app_region_pkey; Type: CONSTRAINT; Schema: public; Owner: postgres
--

ALTER TABLE ONLY public.pokemon_app_region
    ADD CONSTRAINT pokemon_app_region_pkey PRIMARY KEY ("idReg");


--
-- TOC entry 4759 (class 2606 OID 16727)
-- Name: pokemon_app_regionpokemon pokemon_app_regionpokemon_pkey; Type: CONSTRAINT; Schema: public; Owner: postgres
--

ALTER TABLE ONLY public.pokemon_app_regionpokemon
    ADD CONSTRAINT pokemon_app_regionpokemon_pkey PRIMARY KEY ("idRegTipo");


--
-- TOC entry 4751 (class 2606 OID 16717)
-- Name: pokemon_app_tipo pokemon_app_tipo_pkey; Type: CONSTRAINT; Schema: public; Owner: postgres
--

ALTER TABLE ONLY public.pokemon_app_tipo
    ADD CONSTRAINT pokemon_app_tipo_pkey PRIMARY KEY ("idTip");


--
-- TOC entry 4755 (class 2606 OID 16722)
-- Name: pokemon_app_tipopokemon pokemon_app_tipopokemon_pkey; Type: CONSTRAINT; Schema: public; Owner: postgres
--

ALTER TABLE ONLY public.pokemon_app_tipopokemon
    ADD CONSTRAINT pokemon_app_tipopokemon_pkey PRIMARY KEY ("idTipPokemon");


--
-- TOC entry 4710 (class 1259 OID 16693)
-- Name: auth_group_name_a6ea08ec_like; Type: INDEX; Schema: public; Owner: postgres
--

CREATE INDEX auth_group_name_a6ea08ec_like ON public.auth_group USING btree (name varchar_pattern_ops);


--
-- TOC entry 4715 (class 1259 OID 16634)
-- Name: auth_group_permissions_group_id_b120cbf9; Type: INDEX; Schema: public; Owner: postgres
--

CREATE INDEX auth_group_permissions_group_id_b120cbf9 ON public.auth_group_permissions USING btree (group_id);


--
-- TOC entry 4718 (class 1259 OID 16635)
-- Name: auth_group_permissions_permission_id_84c5c92e; Type: INDEX; Schema: public; Owner: postgres
--

CREATE INDEX auth_group_permissions_permission_id_84c5c92e ON public.auth_group_permissions USING btree (permission_id);


--
-- TOC entry 4705 (class 1259 OID 16620)
-- Name: auth_permission_content_type_id_2f476e4b; Type: INDEX; Schema: public; Owner: postgres
--

CREATE INDEX auth_permission_content_type_id_2f476e4b ON public.auth_permission USING btree (content_type_id);


--
-- TOC entry 4726 (class 1259 OID 16650)
-- Name: auth_user_groups_group_id_97559544; Type: INDEX; Schema: public; Owner: postgres
--

CREATE INDEX auth_user_groups_group_id_97559544 ON public.auth_user_groups USING btree (group_id);


--
-- TOC entry 4729 (class 1259 OID 16649)
-- Name: auth_user_groups_user_id_6a12ed8b; Type: INDEX; Schema: public; Owner: postgres
--

CREATE INDEX auth_user_groups_user_id_6a12ed8b ON public.auth_user_groups USING btree (user_id);


--
-- TOC entry 4732 (class 1259 OID 16664)
-- Name: auth_user_user_permissions_permission_id_1fbb5f2c; Type: INDEX; Schema: public; Owner: postgres
--

CREATE INDEX auth_user_user_permissions_permission_id_1fbb5f2c ON public.auth_user_user_permissions USING btree (permission_id);


--
-- TOC entry 4735 (class 1259 OID 16663)
-- Name: auth_user_user_permissions_user_id_a95ead1b; Type: INDEX; Schema: public; Owner: postgres
--

CREATE INDEX auth_user_user_permissions_user_id_a95ead1b ON public.auth_user_user_permissions USING btree (user_id);


--
-- TOC entry 4723 (class 1259 OID 16688)
-- Name: auth_user_username_6821ab7c_like; Type: INDEX; Schema: public; Owner: postgres
--

CREATE INDEX auth_user_username_6821ab7c_like ON public.auth_user USING btree (username varchar_pattern_ops);


--
-- TOC entry 4738 (class 1259 OID 16684)
-- Name: django_admin_log_content_type_id_c4bce8eb; Type: INDEX; Schema: public; Owner: postgres
--

CREATE INDEX django_admin_log_content_type_id_c4bce8eb ON public.django_admin_log USING btree (content_type_id);


--
-- TOC entry 4741 (class 1259 OID 16685)
-- Name: django_admin_log_user_id_c564eba6; Type: INDEX; Schema: public; Owner: postgres
--

CREATE INDEX django_admin_log_user_id_c564eba6 ON public.django_admin_log USING btree (user_id);


--
-- TOC entry 4744 (class 1259 OID 16707)
-- Name: django_session_expire_date_a5c62663; Type: INDEX; Schema: public; Owner: postgres
--

CREATE INDEX django_session_expire_date_a5c62663 ON public.django_session USING btree (expire_date);


--
-- TOC entry 4747 (class 1259 OID 16706)
-- Name: django_session_session_key_c0390e0f_like; Type: INDEX; Schema: public; Owner: postgres
--

CREATE INDEX django_session_session_key_c0390e0f_like ON public.django_session USING btree (session_key varchar_pattern_ops);


--
-- TOC entry 4756 (class 1259 OID 16750)
-- Name: pokemon_app_regionpokemon_nombre_id_eaa024f4; Type: INDEX; Schema: public; Owner: postgres
--

CREATE INDEX pokemon_app_regionpokemon_nombre_id_eaa024f4 ON public.pokemon_app_regionpokemon USING btree (nombre_id);


--
-- TOC entry 4757 (class 1259 OID 16751)
-- Name: pokemon_app_regionpokemon_nombre_region_id_f553358f; Type: INDEX; Schema: public; Owner: postgres
--

CREATE INDEX pokemon_app_regionpokemon_nombre_region_id_f553358f ON public.pokemon_app_regionpokemon USING btree (nombre_region_id);


--
-- TOC entry 4752 (class 1259 OID 16738)
-- Name: pokemon_app_tipopokemon_nombre_id_92372362; Type: INDEX; Schema: public; Owner: postgres
--

CREATE INDEX pokemon_app_tipopokemon_nombre_id_92372362 ON public.pokemon_app_tipopokemon USING btree (nombre_id);


--
-- TOC entry 4753 (class 1259 OID 16739)
-- Name: pokemon_app_tipopokemon_nombre_tipo_id_defb36fa; Type: INDEX; Schema: public; Owner: postgres
--

CREATE INDEX pokemon_app_tipopokemon_nombre_tipo_id_defb36fa ON public.pokemon_app_tipopokemon USING btree (nombre_tipo_id);


--
-- TOC entry 4761 (class 2606 OID 16629)
-- Name: auth_group_permissions auth_group_permissio_permission_id_84c5c92e_fk_auth_perm; Type: FK CONSTRAINT; Schema: public; Owner: postgres
--

ALTER TABLE ONLY public.auth_group_permissions
    ADD CONSTRAINT auth_group_permissio_permission_id_84c5c92e_fk_auth_perm FOREIGN KEY (permission_id) REFERENCES public.auth_permission(id) DEFERRABLE INITIALLY DEFERRED;


--
-- TOC entry 4762 (class 2606 OID 16624)
-- Name: auth_group_permissions auth_group_permissions_group_id_b120cbf9_fk_auth_group_id; Type: FK CONSTRAINT; Schema: public; Owner: postgres
--

ALTER TABLE ONLY public.auth_group_permissions
    ADD CONSTRAINT auth_group_permissions_group_id_b120cbf9_fk_auth_group_id FOREIGN KEY (group_id) REFERENCES public.auth_group(id) DEFERRABLE INITIALLY DEFERRED;


--
-- TOC entry 4760 (class 2606 OID 16615)
-- Name: auth_permission auth_permission_content_type_id_2f476e4b_fk_django_co; Type: FK CONSTRAINT; Schema: public; Owner: postgres
--

ALTER TABLE ONLY public.auth_permission
    ADD CONSTRAINT auth_permission_content_type_id_2f476e4b_fk_django_co FOREIGN KEY (content_type_id) REFERENCES public.django_content_type(id) DEFERRABLE INITIALLY DEFERRED;


--
-- TOC entry 4763 (class 2606 OID 16644)
-- Name: auth_user_groups auth_user_groups_group_id_97559544_fk_auth_group_id; Type: FK CONSTRAINT; Schema: public; Owner: postgres
--

ALTER TABLE ONLY public.auth_user_groups
    ADD CONSTRAINT auth_user_groups_group_id_97559544_fk_auth_group_id FOREIGN KEY (group_id) REFERENCES public.auth_group(id) DEFERRABLE INITIALLY DEFERRED;


--
-- TOC entry 4764 (class 2606 OID 16639)
-- Name: auth_user_groups auth_user_groups_user_id_6a12ed8b_fk_auth_user_id; Type: FK CONSTRAINT; Schema: public; Owner: postgres
--

ALTER TABLE ONLY public.auth_user_groups
    ADD CONSTRAINT auth_user_groups_user_id_6a12ed8b_fk_auth_user_id FOREIGN KEY (user_id) REFERENCES public.auth_user(id) DEFERRABLE INITIALLY DEFERRED;


--
-- TOC entry 4765 (class 2606 OID 16658)
-- Name: auth_user_user_permissions auth_user_user_permi_permission_id_1fbb5f2c_fk_auth_perm; Type: FK CONSTRAINT; Schema: public; Owner: postgres
--

ALTER TABLE ONLY public.auth_user_user_permissions
    ADD CONSTRAINT auth_user_user_permi_permission_id_1fbb5f2c_fk_auth_perm FOREIGN KEY (permission_id) REFERENCES public.auth_permission(id) DEFERRABLE INITIALLY DEFERRED;


--
-- TOC entry 4766 (class 2606 OID 16653)
-- Name: auth_user_user_permissions auth_user_user_permissions_user_id_a95ead1b_fk_auth_user_id; Type: FK CONSTRAINT; Schema: public; Owner: postgres
--

ALTER TABLE ONLY public.auth_user_user_permissions
    ADD CONSTRAINT auth_user_user_permissions_user_id_a95ead1b_fk_auth_user_id FOREIGN KEY (user_id) REFERENCES public.auth_user(id) DEFERRABLE INITIALLY DEFERRED;


--
-- TOC entry 4767 (class 2606 OID 16674)
-- Name: django_admin_log django_admin_log_content_type_id_c4bce8eb_fk_django_co; Type: FK CONSTRAINT; Schema: public; Owner: postgres
--

ALTER TABLE ONLY public.django_admin_log
    ADD CONSTRAINT django_admin_log_content_type_id_c4bce8eb_fk_django_co FOREIGN KEY (content_type_id) REFERENCES public.django_content_type(id) DEFERRABLE INITIALLY DEFERRED;


--
-- TOC entry 4768 (class 2606 OID 16679)
-- Name: django_admin_log django_admin_log_user_id_c564eba6_fk_auth_user_id; Type: FK CONSTRAINT; Schema: public; Owner: postgres
--

ALTER TABLE ONLY public.django_admin_log
    ADD CONSTRAINT django_admin_log_user_id_c564eba6_fk_auth_user_id FOREIGN KEY (user_id) REFERENCES public.auth_user(id) DEFERRABLE INITIALLY DEFERRED;


--
-- TOC entry 4771 (class 2606 OID 16740)
-- Name: pokemon_app_regionpokemon pokemon_app_regionpo_nombre_id_eaa024f4_fk_pokemon_a; Type: FK CONSTRAINT; Schema: public; Owner: postgres
--

ALTER TABLE ONLY public.pokemon_app_regionpokemon
    ADD CONSTRAINT pokemon_app_regionpo_nombre_id_eaa024f4_fk_pokemon_a FOREIGN KEY (nombre_id) REFERENCES public.pokemon_app_pokemon(id) DEFERRABLE INITIALLY DEFERRED;


--
-- TOC entry 4772 (class 2606 OID 16745)
-- Name: pokemon_app_regionpokemon pokemon_app_regionpo_nombre_region_id_f553358f_fk_pokemon_a; Type: FK CONSTRAINT; Schema: public; Owner: postgres
--

ALTER TABLE ONLY public.pokemon_app_regionpokemon
    ADD CONSTRAINT pokemon_app_regionpo_nombre_region_id_f553358f_fk_pokemon_a FOREIGN KEY (nombre_region_id) REFERENCES public.pokemon_app_region("idReg") DEFERRABLE INITIALLY DEFERRED;


--
-- TOC entry 4769 (class 2606 OID 16728)
-- Name: pokemon_app_tipopokemon pokemon_app_tipopoke_nombre_id_92372362_fk_pokemon_a; Type: FK CONSTRAINT; Schema: public; Owner: postgres
--

ALTER TABLE ONLY public.pokemon_app_tipopokemon
    ADD CONSTRAINT pokemon_app_tipopoke_nombre_id_92372362_fk_pokemon_a FOREIGN KEY (nombre_id) REFERENCES public.pokemon_app_pokemon(id) DEFERRABLE INITIALLY DEFERRED;


--
-- TOC entry 4770 (class 2606 OID 16733)
-- Name: pokemon_app_tipopokemon pokemon_app_tipopoke_nombre_tipo_id_defb36fa_fk_pokemon_a; Type: FK CONSTRAINT; Schema: public; Owner: postgres
--

ALTER TABLE ONLY public.pokemon_app_tipopokemon
    ADD CONSTRAINT pokemon_app_tipopoke_nombre_tipo_id_defb36fa_fk_pokemon_a FOREIGN KEY (nombre_tipo_id) REFERENCES public.pokemon_app_tipo("idTip") DEFERRABLE INITIALLY DEFERRED;


-- Completed on 2023-10-02 21:25:31

--
-- PostgreSQL database dump complete
--

